Distribution South,Noel Leeming Papatoetoe,The Warehouse Airport,Distribution South
Distribution South,The Warehouse Clendon,The Warehouse Takanini,Noel Leeming Papakura,Distribution South
Distribution South,Noel Leeming Wairau Park,Noel Leeming Glenfield Clearance,Noel Leeming Albany,Distribution South
Distribution South,Noel Leeming Queen Street,The Warehouse Atrium,Noel Leeming Royal Oak,Distribution South
Distribution South,The Warehouse WestCity,Distribution South
Distribution South,The Warehouse Glenfield Mall,Distribution South
Distribution South,Noel Leeming Manukau Westfield,Distribution South
Distribution South,The Warehouse Milford,The Warehouse Albany,Distribution South
Distribution South,Noel Leeming St Lukes Mega,The Warehouse Westgate,Distribution South
Distribution South,The Warehouse Botany Downs,The Warehouse Pakuranga,Noel Leeming Botany,Distribution South
Distribution South,Noel Leeming Sylvia Park,Noel Leeming Penrose Clearance,The Warehouse Sylvia Park,Distribution South
Distribution South,Noel Leeming New Lynn,Noel Leeming St Lukes Westfield,The Warehouse St Lukes,Distribution South
Distribution South,The Warehouse Lincoln Road,Noel Leeming Henderson,Noel Leeming Massey,Distribution South
Distribution South,The Warehouse Newmarket,The Warehouse Royal Oak,Distribution South
Distribution South,The Warehouse New Lynn,The Warehouse Mt Roskill,Distribution South
Distribution South,The Warehouse Manukau,Noel Leeming Ormiston,Noel Leeming Manukau Supa Centre,Distribution South
Distribution South,Noel Leeming Lunn Avenue,Noel Leeming Newmarket,The Warehouse Lunn Avenue,Distribution South
