Distribution North,The Warehouse Newmarket,The Warehouse Atrium,Distribution North
Distribution North,Noel Leeming St Lukes Mega,Noel Leeming Massey,Distribution North
Distribution North,The Warehouse Royal Oak,Noel Leeming Royal Oak,Noel Leeming Newmarket,Distribution North
Distribution North,Noel Leeming Lunn Avenue,Noel Leeming Queen Street,The Warehouse Lunn Avenue,Distribution North
Distribution South,The Warehouse Pakuranga,The Warehouse Botany Downs,Noel Leeming Manukau Westfield,Distribution South
Distribution South,Noel Leeming Ormiston,Distribution South
Distribution South,Noel Leeming Manukau Supa Centre,The Warehouse Manukau,Noel Leeming Botany,Distribution South
Distribution North,The Warehouse WestCity,Noel Leeming New Lynn,Distribution North
Distribution North,The Warehouse St Lukes,The Warehouse Lincoln Road,Noel Leeming Henderson,Distribution North
Distribution North,The Warehouse Mt Roskill,Noel Leeming St Lukes Westfield,Distribution North
Distribution North,The Warehouse New Lynn,The Warehouse Westgate,Distribution North
Distribution North,Noel Leeming Glenfield Clearance,Noel Leeming Wairau Park,The Warehouse Albany,Noel Leeming Albany,Distribution North
Distribution North,The Warehouse Glenfield Mall,The Warehouse Milford,Distribution North
Distribution South,Noel Leeming Papakura,The Warehouse Takanini,The Warehouse Clendon,Distribution South
Distribution South,The Warehouse Airport,Noel Leeming Papatoetoe,Noel Leeming Sylvia Park,Distribution South
Distribution South,The Warehouse Sylvia Park,Noel Leeming Penrose Clearance,Distribution South
